Name,Synergies,Counters,Countered_By,Tags,Anti-Synergy,Global Notes,
Manta,Dylan,"Bart,Armour_Tank",None,"True Damage,Assassin,Crit",,,
Mihawk,"Search,Discard,Justice,Bond",Tank,None,True Damage,,,
Digo,Tank,"Armour,Assassin",None,True Damage,,,
Lubos,Targeting,None,Anna,"Targeting,Assassin",,,
Xiangxi Ke,Targeting,"Squishy,Backline",None,"Targeting,Assassin",,,
Leon,Targeting,"Tank,Deep Space",None,Targeting,,,
Peter,"Deep Space,Crank",Targeting,Mihawk,"Tank,Taunt",,,
Miki,Shield,None,Hass,"Tank,Shield",,,
Merisi,"Multi-Attacker,Buff",None,Mihawk,"Tank,Lane Bully",,,
Big Foot,Babe,"Multi-Attacker,Tank",Wukong,"Tank,Debuff",,,
Cubey,"Search,Max Health Buff",None,Mihawk,Tank,,,
Frank,"Gang,Kid",Lane Bully,None,Tank,,,
Qin Hu,Solo_Squishy,Kill Dependent,"Targeting,Foso","Summon,Shield",,,
Kaka,"Search,Discard",None,None,Summon,,,
Niels,Shield,"AoE,Deep Space","Assassin,Skirmisher,Leon,AoE",Squishy,,,
Zealot,Buff,None,AoE,"Skirmisher,Multi-Attacker",,,
Aurelio,"Dylan,Felicity",None,"Bart,Hass","Skirmisher,Initiator,Fighter",,,
Bond,Mihawk,None,None,"Skirmisher,ADC",,,
Babe,"Big Foot,Buff",None,None,Skirmisher,,"Some buffs are targeted (need health, need temp), if a hero mentions just Buff, it means all types of buffs",
Palulu,None,Tiger Boy,Hass,Shield,,,
Blocker,"Felyn,Cubey,Dylan,Lan",None,None,Search,,,
Reinhardt,"Round 1 Damage,Tank,Backline",None,None,"Round 1 Damage,One Slap Chap,Initiator",,,
Hakuna,Round 1 Damage,None,None,"Round 1 Damage,Initiator",,,
Felyn,"Search,Field","Gang,Armour_Squishy","Lady Deadfire,Gillis,Bart","Round 1 Damage,Field,Squishy,Lane Bully,Push",,,
Gang,"Peiniang Zhu,Field,Frank,Heal","Deep Space,Zealot",None,"Push,AoE",,,
Justice,Mihawk,Frank,None,Push,,,
Deep Space,"Tank,Shield",None,"AoE,Crank,Big Foot,Assassin","Physical,Ranged,ADC",,,
Chen Fengcheng,None,Solo_Squishy,"Skirmisher,Anna",One Slap Chap,,,
Kamaitachi,Multi-Attacker,Multi-Attacker,Counters Multi-Attacker,"Multi-Attacker,Long Fight",,,
Mo,Kid,"Charon,Enidi",None,"Multi-Attacker,Fighter",,,
Bunu Shan,"AP Buff,Multi-Attacker,Skirmisher",None,"Lane Bully,Push","Magic,Ranged",,,
Wolfgang,None,None,"Burst,Hass,Wukong","Long Fight,Lane Bully",,,
Fernan,"Aurelio,Peiniang Zhu,Tiger Boy,BaJie,Reinhardt,Lubos,Cubey,Hakuna,Niels,Babe,Crank,Paisai,Lan,Ada,Qin Hu,Quinn,Foso,Anna,Leon",None,Hass,Lifesteal,,,
Nihil,Targeting_Assassin,None,Hass,Lifesteal,,,
Qube,Multi-Attacker,Solo_Squishy,"Solo_Tank,Felicity","Lane Bully,High Damage",,,
Lan,"Lady Deadfire,Search",Squishy,"Tank,Gillis","Kill Dependent,Burst,Assassin,Skirmisher",,,
Tivie,"Cubey,Wolfgang",Debuff,None,Heal,,,
Kid,"Assassin,Gillis,Mo",Attrition,"Hass,High Damage,Tank",Gold Generation,,,
Acedia,None,"Gillis,Lubos,Reinhardt",None,Gold Generation,,,
Wukong,Dylan,Debuff,Mihawk,Debuff Reflection,Temp Buff,,
Crank,"Peiniang Zhu,Targeting_Assassin,Zealot","Deep Space,Kid,Multi-Attacker",Wukong,Debuff,,,
Felicity,None,"Multi-Attacker,Dispell,DoT",Debuff Reflection,Debuff,"Buff,Shield",,
Lady Deadfire,Burst_Assassin,Field Hit_Squishy,Wukong,Debuff,,,
Shougong Lei,Justice,Tank,Wukong,Debuff,,,
Tiger Boy,"Niels,Gang",None,"Wukong,Palulu",Debuff,,,
BaJie,"Acedia,Dylan,Gillis,Gold Generation",None,"Bart,Crit Immunity","Crit,Gold Funnel,Gold Generation",,,
Bart,None,Physical_Assassin,"Magic Damage,Manta","Crit Immunity,Tank,Thorn",,,
Bariel,"Shield,Palulu",Assassin,"Bart,Crit Immunity",Crit,,,
Hass,None,"Shield,Temp Buff",None,Buff Stealing,,,
Kid,Tank,Attrition,"Hass,High Damage,Tank","Bounty,Gold Generation",,,
Enidi,"Bunu Shan,Niels","Deep Space,AoE",None,"Bounty,Field,Squishy",,,
Charon,Assassin,Burst_Assassin,None,Bounty,,,
Gillis,Gold Funnel,Round 1 Damage,"Acedia,Hass,True Damage","Assassin,Tank",,,
Raven,Movement,Solo_Squishy,"Armour,Skirmisher,Initiator","Assassin,Crit,Skirmisher",,,
Beverly,"Zealot,Kamaitachi",None,None,"AP Buff,Max Health Buff,Search",,,
Matata,Raven,None,None,Tank,,,
Ada,Skirmisher,None,"Gillis,Anna,Wukong","ADC,Skirmisher",,,
Elemi,None,None,Multi-Attacker,"ADC,Multi-Attacker",,,
Omaha,Skirmisher,None,"AoE,Xiangxi Ke","ADC,Summon",,,
Quinn,None,None,Bart,"ADC,Crit",,,
Foso,Shield,"Skirmisher,Summon",Hass,"AoE,Mage",,,
Dylan,"Search,Funnel",None,None,"Support,Buff",,,
Fatty White,None,"Targeting_Assassin,Debuff",Multi-Attacker,"Armour,Tank,Dispell",,,
Paisai,"Multi-Attacker,Merisi",None,Assassin,"Support,AP Buff",,,
Peiniang Zhu,"Multi-Attacker,AoE",None,"Wukong,Blocker","Support,AP Buff",,,
Anna,Skirmisher,"Skirmisher,Armour,Round 1 Damage,One Slap Chap",None,"Support,Skirmisher",,,